{
  "task": "challenge2_quality_estimation",
  "target": "quality = 1 - HTER",
  "embedder": "paraphrase-multilingual-MiniLM-L12-v2",
  "model": "ridge_regression",
  "alpha": 10.0,
  "k_folds": 5,
  "metrics": {
    "pearson": {
      "mean": -0.1892766694401428,
      "std": 0.3562811921151651
    },
    "spearman": {
      "mean": -0.12659340659340662,
      "std": 0.26725708498504047
    },
    "mae": {
      "mean": 0.23798163466123534,
      "std": 0.03519649617391115
    }
  },
  "n_rows": 68
}