{
  "task": "challenge2_quality_estimation",
  "target": "quality = 1 - HTER_proxy (higher=better)",
  "model": "ridge_regression + StandardScaler",
  "embedder": "paraphrase-multilingual-MiniLM-L12-v2",
  "k_folds": 5,
  "alpha_grid": [
    0.1,
    0.3,
    1.0,
    3.0,
    10.0,
    30.0,
    100.0
  ],
  "alpha_selected_per_fold": [
    100.0,
    100.0,
    0.1,
    100.0,
    100.0
  ],
  "alpha_selected_median": 100.0,
  "metrics": {
    "pearson": {
      "mean": 0.004696263784991039,
      "std": 0.46499038746071525
    },
    "spearman": {
      "mean": -0.02593406593406593,
      "std": 0.335270817327688
    },
    "mae": {
      "mean": 0.22807244658470155,
      "std": 0.04430677547238122
    }
  },
  "n_rows": 68,
  "feature_dims": {
    "embeddings": 384,
    "handcrafted": 13,
    "total": 397
  }
}