{
  "task": "challenge2_quality_estimation",
  "target": "quality = 1 - HTER_proxy (higher=better)",
  "model": "ridge_regression",
  "embedder": "paraphrase-multilingual-MiniLM-L12-v2",
  "alpha": 10.0,
  "k_folds": 5,
  "metrics": {
    "pearson": {
      "mean": 0.1633834318397368,
      "std": 0.46289742756786684
    },
    "spearman": {
      "mean": 0.0734065934065934,
      "std": 0.36380524560852434
    },
    "mae": {
      "mean": 0.21254798173904418,
      "std": 0.0315681703395916
    }
  },
  "n_rows": 68,
  "feature_dims": {
    "embeddings": 384,
    "handcrafted": 13,
    "total": 397
  }
}