{
  "target": "chrf",
  "embedder": "sentence-transformers/paraphrase-multilingual-MiniLM-L12-v2",
  "train_metrics": {
    "pearson": 0.9396993799803893,
    "spearman": 0.9304977375565611,
    "mae": 0.13259809437362868
  },
  "test_metrics": {
    "pearson": 0.6544395805928388,
    "spearman": 0.49509803921568635,
    "mae": 0.14375560745492336
  },
  "n_rows": 68
}